{
  "phase": "WEEK_2_3_BALANCED",
  "benign_source": "2_hour_live_traffic",
  "windows": 226,
  "scanner": 206,
  "background": 20,
  "f1_weighted": 0.869303942571533,
  "f1_macro": 0.6223940799009623,
  "roc_auc": 0.8694831591173054,
  "cm": {
    "tn": 20,
    "fp": 0,
    "fn": 9,
    "tp": 197
  }
}