{
  "labeling": "timestamp-based (no leakage)",
  "scan_start": 1775878845,
  "scan_end": 1775889595,
  "n_windows": 226,
  "scanner": 206,
  "background": 20,
  "cv_f1": 0.8734131331993383,
  "cv_f1_std": 0.019744438009802107,
  "cv_roc_auc": 0.8779616724738675,
  "cm": {
    "TN": 7,
    "FP": 13,
    "FN": 0,
    "TP": 206
  },
  "top5": [
    [
      "avg_duration",
      0.1716
    ],
    [
      "proto_tcp",
      0.1647
    ],
    [
      "packet_count",
      0.1627
    ],
    [
      "unique_dst_ports",
      0.1614
    ],
    [
      "total_orig_bytes",
      0.126
    ]
  ]
}