{
  "test": "E1_slow_scan",
  "masscan_rate": 1,
  "scanner_rows": 1000,
  "total_windows": 438,
  "detected_windows": 255,
  "detection_rate": 0.5821917808219178,
  "first_packet_ts": 1776021456.602996,
  "first_alert_ts": 1776023511.0,
  "latency_seconds": 2054.397003889084
}