{
  "phase": "WEEK_2_3_COMBINED",
  "scanner_data": "zeek_logs_archive/conn.log.gz (original)",
  "benign_data": "conn.log (2h live generation)",
  "total_windows": 466,
  "scanner_windows": 206,
  "background_windows": 260,
  "cv_f1_weighted": 0.9419149745116684,
  "cv_f1_weighted_std": 0.03256187231753404,
  "cv_f1_macro": 0.9411217501669269,
  "cv_f1_macro_std": 0.033127664541348946,
  "cv_roc_auc": 0.988242651657286,
  "cv_roc_auc_std": 0.009493358208595992,
  "cm": {
    "tn": 253,
    "fp": 7,
    "fn": 0,
    "tp": 206
  }
}